{
  "Registering Users Request-0" : {
    "transaction" : "Registering Users Request-0",
    "sampleCount" : 10,
    "errorCount" : 0,
    "errorPct" : 0.0,
    "meanResTime" : 3435.4,
    "medianResTime" : 3712.0,
    "minResTime" : 1352.0,
    "maxResTime" : 4498.0,
    "pct1ResTime" : 4481.8,
    "pct2ResTime" : 4498.0,
    "pct3ResTime" : 4498.0,
    "throughput" : 0.6435420554733251,
    "receivedKBytesPerSec" : 0.806312946457301,
    "sentKBytesPerSec" : 0.4072414569792136
  },
  "Registering Users Request-1" : {
    "transaction" : "Registering Users Request-1",
    "sampleCount" : 10,
    "errorCount" : 0,
    "errorPct" : 0.0,
    "meanResTime" : 2666.2000000000003,
    "medianResTime" : 2700.0,
    "minResTime" : 1294.0,
    "maxResTime" : 3927.0,
    "pct1ResTime" : 3901.9,
    "pct2ResTime" : 3927.0,
    "pct3ResTime" : 3927.0,
    "throughput" : 0.646036565669617,
    "receivedKBytesPerSec" : 24.95505503423994,
    "sentKBytesPerSec" : 0.4208070208023774
  },
  "Opening Accounts Page" : {
    "transaction" : "Opening Accounts Page",
    "sampleCount" : 10,
    "errorCount" : 0,
    "errorPct" : 0.0,
    "meanResTime" : 2862.4,
    "medianResTime" : 3050.0,
    "minResTime" : 1102.0,
    "maxResTime" : 4220.0,
    "pct1ResTime" : 4206.7,
    "pct2ResTime" : 4220.0,
    "pct3ResTime" : 4220.0,
    "throughput" : 0.7640586797066016,
    "receivedKBytesPerSec" : 29.05139130310208,
    "sentKBytesPerSec" : 0.3297987660452323
  },
  "Total" : {
    "transaction" : "Total",
    "sampleCount" : 40,
    "errorCount" : 0,
    "errorPct" : 0.0,
    "meanResTime" : 3766.399999999999,
    "medianResTime" : 3580.0,
    "minResTime" : 1102.0,
    "maxResTime" : 7912.0,
    "pct1ResTime" : 6934.399999999999,
    "pct2ResTime" : 7679.099999999999,
    "pct3ResTime" : 7912.0,
    "throughput" : 2.2300273178346433,
    "receivedKBytesPerSec" : 65.66548457796732,
    "sentKBytesPerSec" : 1.6725204883759826
  },
  "Registering Users Request" : {
    "transaction" : "Registering Users Request",
    "sampleCount" : 10,
    "errorCount" : 0,
    "errorPct" : 0.0,
    "meanResTime" : 6101.6,
    "medianResTime" : 6250.5,
    "minResTime" : 3195.0,
    "maxResTime" : 7912.0,
    "pct1ResTime" : 7889.8,
    "pct2ResTime" : 7912.0,
    "pct3ResTime" : 7912.0,
    "throughput" : 0.594106463878327,
    "receivedKBytesPerSec" : 23.693476339710074,
    "sentKBytesPerSec" : 0.762939453125
  }
}